first_name,last_name,area_code,birthyear,ht_in,domain,age,city,state,zipcode
Ryan,Wilkins,851,1959,74,hotmail.com,-51,,08906 Adam Avenue,71782
Sierra,Turner,380,1951,73,noble.biz,-49,West Natalie,WV 81710,
Lydia,Wood,460,1943,64,baker-brown.com,-33,,9716 Samuel Ports,85005
Sherri,Smith,171,1971,69,vega.com,-49,,53805 Mandy Curve,77108
Jeremy,Owens,508,1956,60,hotmail.com,-54,,14815 Kevin Plains,60941
Angel,Graves,531,1970,73,gmail.com,-58,,58259 Brandon Street Suite 057,91583
Michael,Johnson,082,1949,74,hotmail.com,49,,988 Debbie Viaduct,79538
Rebecca,Morrison,315,1978,70,yahoo.com,-69,,09249 Vincent Wall,99317
Jeffrey,Riley,520,1944,67,robinson.net,-36,,7270 Hernandez Plain,04552
Tiffany,Vincent,606,1972,63,gmail.com,-70,,304 Stephanie Trafficway Suite 451,61088
Alison,Herring,227,1974,64,yahoo.com,-66,,4000 Wendy Bridge Suite 220,98652
Kimberly,Peters,393,1943,69,yahoo.com,-23,,86552 Andre Island,30674
Thomas,Jones,705,1966,66,hotmail.com,32,,7580 Fields Fort,68457
Emily,Gilbert,517,1959,69,strong.com,-49,,688 Hubbard Gardens,35383
Michael,Baker,068,1982,73,ortiz.biz,-70,,889 Angela Radial Suite 285,67527
Jacob,Tucker,766,1969,69,clark.com,-54,Kevinberg,FL 91818,
Nicole,Hardin,426,1968,67,gmail.com,26,,307 Matthew Plaza,40093
Kevin,Hutchinson,823,1977,61,yahoo.com,-59,,278 Harris Shoal,54411
Ashley,Brown,926,1949,65,yahoo.com,50,,834 Rachel Station,35501
Julie,Alvarez,416,1959,59,yahoo.com,-51,,1595 Julie Court,65311
